-- phpMyAdmin SQL Dump
-- version 5.1.3
-- https://www.phpmyadmin.net/
--
-- Host: 127.0.0.1
-- Generation Time: Apr 18, 2022 at 05:56 AM
-- Server version: 10.4.24-MariaDB
-- PHP Version: 7.4.28

SET SQL_MODE = "NO_AUTO_VALUE_ON_ZERO";
START TRANSACTION;
SET time_zone = "+00:00";


/*!40101 SET @OLD_CHARACTER_SET_CLIENT=@@CHARACTER_SET_CLIENT */;
/*!40101 SET @OLD_CHARACTER_SET_RESULTS=@@CHARACTER_SET_RESULTS */;
/*!40101 SET @OLD_COLLATION_CONNECTION=@@COLLATION_CONNECTION */;
/*!40101 SET NAMES utf8mb4 */;

--
-- Database: `baskom`
--

-- --------------------------------------------------------

--
-- Table structure for table `ci_sessions`
--

CREATE TABLE `ci_sessions` (
  `id` varchar(128) NOT NULL,
  `ip_address` varchar(45) NOT NULL,
  `timestamp` int(10) UNSIGNED NOT NULL DEFAULT 0,
  `data` blob NOT NULL
) ENGINE=InnoDB DEFAULT CHARSET=utf8mb4;

--
-- Dumping data for table `ci_sessions`
--

INSERT INTO `ci_sessions` (`id`, `ip_address`, `timestamp`, `data`) VALUES
('nh2h85rl0sug37e8dtcfgqrc4d7o9c27', '::1', 1619971464, 0x5f5f63695f6c6173745f726567656e65726174657c693a313631393937313436343b),
('p1r5m6ad0gho44noleiu3vf40sq4qbk7', '::1', 1619973639, 0x5f5f63695f6c6173745f726567656e65726174657c693a313631393937333633393b),
('glb8ltfrvc6r0uoa4ivpihqs526o8v3p', '::1', 1619974000, 0x5f5f63695f6c6173745f726567656e65726174657c693a313631393937343030303b7265646972656374696f6e7c4e3b),
('60pa6bnm27hl15arm4qfdnsrj216sac1', '::1', 1619974607, 0x5f5f63695f6c6173745f726567656e65726174657c693a313631393937343630373b7265646972656374696f6e7c4e3b5f5f4143544956455f53455353494f4e5f444154417c733a3235363a2262643634333163646339353634393364663062346535643131663436343638333237666630393330373062626637303634616266323434383334656332383433653831313035333438623631306435306131333663333465373161346163346135633531373031626639383465613730623966353436646236326634313432354e577a71446f3946392f72545037444a4b4733506e4a4e713174544e7157714f6c64544649334c6e4454675545444f504976775933714d4e337670777a556758714e645a66715a44576e722f6b414679506b652b69744670384635655448476c512b4777644f776f714b39335a4e3175364334506f363847445a545162766d33223b),
('6jj4htoa08uds4ipl88oar78uib9mic0', '::1', 1619974947, 0x5f5f63695f6c6173745f726567656e65726174657c693a313631393937343934373b5f5f4143544956455f53455353494f4e5f444154417c733a3235363a22616334633737653032653531663034653162616331313633303932623438313430323964623666316232303566326331616561616462303335643339616631363036393233643762663264373364363138323536613965323266623737343336356631353165313235346333396236386466393062336662646531343337396561412f67454149716b575a304e325435584a4175534952344244776b6638584241723876524e3468434a77505576485462654379423430346c334b732f496b4b436e4d4d357a707558454b7836627943587737757650527a31396e735a595173312b6e526d6c74687033694e5853363531446c2b336e7971344a674d4b704c45223b),
('mkpfag5t076lvkraup4j1hl4er3sjbn0', '::1', 1619975084, 0x5f5f63695f6c6173745f726567656e65726174657c693a313631393937343934373b5f5f4143544956455f53455353494f4e5f444154417c733a3235363a2231613663363865316538623564316534326531303630633737653562316266643763333736373065393063363730663131346430323337383430386437613938363833336134613431333139636561316662323730313236363938356337666261366561383739333461613935333965663865313638376265326365313662304b757a5653494c62434e73366f61427a776e3273505158574f7a45304e4a5857704a6d47506458786c643239527731394446585a546141563265755143516e6f4f667746666f31594249346b444d6964636f347845726f6a492f6c4e564b775249476d435a716831326e52547a5a74676738686d507554527442595946325062223b7265646972656374696f6e7c4e3b6f726465725f666c6173687c733a32363a2253746174757320626572686173696c2064697065726261727569223b5f5f63695f766172737c613a313a7b733a31313a226f726465725f666c617368223b733a333a226f6c64223b7d),
('ojam30rdjfof9fubdov3bdb48s0520i6', '127.0.0.1', 1619975089, 0x5f5f63695f6c6173745f726567656e65726174657c693a313631393937343936393b5f5f4143544956455f53455353494f4e5f444154417c733a3235363a223433336436373235323135626562616438303562366632383166656266306664396430356639656464306462613661643032303230353463323630303138323863633561383630333337323433393930346165653766616536306439646264646333616435383765366335333237643966356133323631626139373036643537365754705675797258396a4d4a306a73456e54744e4e48495771796136334c4c59432b4a5a586a58752b4555726b6c506738466c5856346d637a6763656546794134446741455570793746693857784e51336373745247526c366447704a7a72395573703745657139657633536759564a30586349627161464e326b4c397433223b),
('kgqhae3rr2r9cm1bhvk638dhf4c0o7nl', '::1', 1620051916, 0x5f5f63695f6c6173745f726567656e65726174657c693a313632303035313931363b5f5f4143544956455f53455353494f4e5f444154417c733a3235363a223339366463376662333664363165663566643835356232626439656466633563336366303539336436616634353038396162313561316533643339636233663632346330393464646136346430376338336530336534613536356438633337323062393338656231333666313861333966353732313239663538313839303333615154305146444843447942784b686c7076555a7a4953765a72426f353653584877726735646e7850615865766a576f464576414e795555567066654b30436a706f6f55726a687a626e7536413977484c322b412f7169324d4d784f74615670685841316c716a75306b555238304c6f3968457177656c3578474877674b2b71223b),
('6bausplen2lq1d009rgus6hv299i6svp', '::1', 1620052604, 0x5f5f63695f6c6173745f726567656e65726174657c693a313632303035323630343b5f5f4143544956455f53455353494f4e5f444154417c733a3235363a223339366463376662333664363165663566643835356232626439656466633563336366303539336436616634353038396162313561316533643339636233663632346330393464646136346430376338336530336534613536356438633337323062393338656231333666313861333966353732313239663538313839303333615154305146444843447942784b686c7076555a7a4953765a72426f353653584877726735646e7850615865766a576f464576414e795555567066654b30436a706f6f55726a687a626e7536413977484c322b412f7169324d4d784f74615670685841316c716a75306b555238304c6f3968457177656c3578474877674b2b71223b73657474696e67735f666c6173687c733a33303a2250656e6761747572616e20626572686173696c2064697065726261727569223b5f5f63695f766172737c613a313a7b733a31343a2273657474696e67735f666c617368223b733a333a226f6c64223b7d),
('c1n7ncbf2dlvmeqhjnrr307cjmfvc7r5', '::1', 1620052604, 0x5f5f63695f6c6173745f726567656e65726174657c693a313632303035323630343b5f5f4143544956455f53455353494f4e5f444154417c733a3235363a223339366463376662333664363165663566643835356232626439656466633563336366303539336436616634353038396162313561316533643339636233663632346330393464646136346430376338336530336534613536356438633337323062393338656231333666313861333966353732313239663538313839303333615154305146444843447942784b686c7076555a7a4953765a72426f353653584877726735646e7850615865766a576f464576414e795555567066654b30436a706f6f55726a687a626e7536413977484c322b412f7169324d4d784f74615670685841316c716a75306b555238304c6f3968457177656c3578474877674b2b71223b73657474696e67735f666c6173687c733a33303a2250656e6761747572616e20626572686173696c2064697065726261727569223b5f5f63695f766172737c613a313a7b733a31343a2273657474696e67735f666c617368223b733a333a226f6c64223b7d),
('vg1tu1jhp75b2u837uv1585em9rb1n3i', '::1', 1620094106, 0x5f5f63695f6c6173745f726567656e65726174657c693a313632303039343130363b5f5f4143544956455f53455353494f4e5f444154417c733a3235363a2232376365633962316662393434316330366364623036383132346630333364306562393334313864376361346163313337373265643238333564346330323462623135666261373434346539353764643034336631303230383363376432613561376632303730633134653833623734393131333864663230396462343937634a587259724948465657516a443877445547614d7478784256544672615956454430734530396f49486d553369696b77416c54723472663773726a4e4931523576316176544c48654a64736949696d5159424e4a6972794e5a78784968564634666d4261446a765a7439756c426d4d387955595a762f4a6c6838564a72763176223b),
('n54run55igev998b7234roh5e4kn9dah', '::1', 1620094427, 0x5f5f63695f6c6173745f726567656e65726174657c693a313632303039343432373b5f5f4143544956455f53455353494f4e5f444154417c733a3235363a2232376365633962316662393434316330366364623036383132346630333364306562393334313864376361346163313337373265643238333564346330323462623135666261373434346539353764643034336631303230383363376432613561376632303730633134653833623734393131333864663230396462343937634a587259724948465657516a443877445547614d7478784256544672615956454430734530396f49486d553369696b77416c54723472663773726a4e4931523576316176544c48654a64736949696d5159424e4a6972794e5a78784968564634666d4261446a765a7439756c426d4d387955595a762f4a6c6838564a72763176223b),
('i8d4edpmuripoalua25afphsmpa3fptm', '::1', 1620096086, 0x5f5f63695f6c6173745f726567656e65726174657c693a313632303039363038363b5f5f4143544956455f53455353494f4e5f444154417c733a3235363a2232376365633962316662393434316330366364623036383132346630333364306562393334313864376361346163313337373265643238333564346330323462623135666261373434346539353764643034336631303230383363376432613561376632303730633134653833623734393131333864663230396462343937634a587259724948465657516a443877445547614d7478784256544672615956454430734530396f49486d553369696b77416c54723472663773726a4e4931523576316176544c48654a64736949696d5159424e4a6972794e5a78784968564634666d4261446a765a7439756c426d4d387955595a762f4a6c6838564a72763176223b),
('qp76qqrj9epp0qdo3ab6tciakr12gl2h', '::1', 1620097330, 0x5f5f63695f6c6173745f726567656e65726174657c693a313632303039373333303b5f5f4143544956455f53455353494f4e5f444154417c733a3235363a2232376365633962316662393434316330366364623036383132346630333364306562393334313864376361346163313337373265643238333564346330323462623135666261373434346539353764643034336631303230383363376432613561376632303730633134653833623734393131333864663230396462343937634a587259724948465657516a443877445547614d7478784256544672615956454430734530396f49486d553369696b77416c54723472663773726a4e4931523576316176544c48654a64736949696d5159424e4a6972794e5a78784968564634666d4261446a765a7439756c426d4d387955595a762f4a6c6838564a72763176223b),
('d9ovji9rold82610pkd4c88gcagoa3hk', '::1', 1620097639, 0x5f5f63695f6c6173745f726567656e65726174657c693a313632303039373633393b5f5f4143544956455f53455353494f4e5f444154417c733a3235363a2232376365633962316662393434316330366364623036383132346630333364306562393334313864376361346163313337373265643238333564346330323462623135666261373434346539353764643034336631303230383363376432613561376632303730633134653833623734393131333864663230396462343937634a587259724948465657516a443877445547614d7478784256544672615956454430734530396f49486d553369696b77416c54723472663773726a4e4931523576316176544c48654a64736949696d5159424e4a6972794e5a78784968564634666d4261446a765a7439756c426d4d387955595a762f4a6c6838564a72763176223b73657474696e67735f666c6173687c733a33303a2250656e6761747572616e20626572686173696c2064697065726261727569223b5f5f63695f766172737c613a313a7b733a31343a2273657474696e67735f666c617368223b733a333a226f6c64223b7d),
('399156cef2ub2g1ij0ohbjlue6s56hv3', '::1', 1620097962, 0x5f5f63695f6c6173745f726567656e65726174657c693a313632303039373936323b5f5f4143544956455f53455353494f4e5f444154417c733a3235363a2232376365633962316662393434316330366364623036383132346630333364306562393334313864376361346163313337373265643238333564346330323462623135666261373434346539353764643034336631303230383363376432613561376632303730633134653833623734393131333864663230396462343937634a587259724948465657516a443877445547614d7478784256544672615956454430734530396f49486d553369696b77416c54723472663773726a4e4931523576316176544c48654a64736949696d5159424e4a6972794e5a78784968564634666d4261446a765a7439756c426d4d387955595a762f4a6c6838564a72763176223b),
('fnpaf4ou2novdoe3avvcu9s8okgtfned', '::1', 1620098306, 0x5f5f63695f6c6173745f726567656e65726174657c693a313632303039383330363b5f5f4143544956455f53455353494f4e5f444154417c733a3235363a2232376365633962316662393434316330366364623036383132346630333364306562393334313864376361346163313337373265643238333564346330323462623135666261373434346539353764643034336631303230383363376432613561376632303730633134653833623734393131333864663230396462343937634a587259724948465657516a443877445547614d7478784256544672615956454430734530396f49486d553369696b77416c54723472663773726a4e4931523576316176544c48654a64736949696d5159424e4a6972794e5a78784968564634666d4261446a765a7439756c426d4d387955595a762f4a6c6838564a72763176223b),
('tk0lepabupisnsm9ootaita0qqc62p91', '::1', 1620098699, 0x5f5f63695f6c6173745f726567656e65726174657c693a313632303039383639393b5f5f4143544956455f53455353494f4e5f444154417c733a3235363a2232376365633962316662393434316330366364623036383132346630333364306562393334313864376361346163313337373265643238333564346330323462623135666261373434346539353764643034336631303230383363376432613561376632303730633134653833623734393131333864663230396462343937634a587259724948465657516a443877445547614d7478784256544672615956454430734530396f49486d553369696b77416c54723472663773726a4e4931523576316176544c48654a64736949696d5159424e4a6972794e5a78784968564634666d4261446a765a7439756c426d4d387955595a762f4a6c6838564a72763176223b),
('k9su0adh49iecbfcjj69ahr8cndu6m8g', '::1', 1620100655, 0x5f5f63695f6c6173745f726567656e65726174657c693a313632303130303635353b5f5f4143544956455f53455353494f4e5f444154417c733a3235363a2232376365633962316662393434316330366364623036383132346630333364306562393334313864376361346163313337373265643238333564346330323462623135666261373434346539353764643034336631303230383363376432613561376632303730633134653833623734393131333864663230396462343937634a587259724948465657516a443877445547614d7478784256544672615956454430734530396f49486d553369696b77416c54723472663773726a4e4931523576316176544c48654a64736949696d5159424e4a6972794e5a78784968564634666d4261446a765a7439756c426d4d387955595a762f4a6c6838564a72763176223b73657474696e67735f666c6173687c733a32373a22426572686173696c206d656e616d62616820646174612062616e6b223b5f5f63695f766172737c613a313a7b733a31343a2273657474696e67735f666c617368223b733a333a226f6c64223b7d),
('brgcc1qnr7dlgabsccshm9figm81rdip', '::1', 1620099000, 0x5f5f63695f6c6173745f726567656e65726174657c693a313632303039393030303b5f5f4143544956455f53455353494f4e5f444154417c733a3235363a2232376365633962316662393434316330366364623036383132346630333364306562393334313864376361346163313337373265643238333564346330323462623135666261373434346539353764643034336631303230383363376432613561376632303730633134653833623734393131333864663230396462343937634a587259724948465657516a443877445547614d7478784256544672615956454430734530396f49486d553369696b77416c54723472663773726a4e4931523576316176544c48654a64736949696d5159424e4a6972794e5a78784968564634666d4261446a765a7439756c426d4d387955595a762f4a6c6838564a72763176223b73657474696e67735f666c6173687c733a33303a2250656e6761747572616e20626572686173696c2064697065726261727569223b5f5f63695f766172737c613a313a7b733a31343a2273657474696e67735f666c617368223b733a333a226e6577223b7d),
('1og7pgtc34a46idost0uuhifdm3nhd50', '127.0.0.1', 1620099383, 0x5f5f63695f6c6173745f726567656e65726174657c693a313632303039393338333b5f5f4143544956455f53455353494f4e5f444154417c733a3235363a2237623937663132313139616232376131383832313665336435613662316237333033363930333932373637393631333039323266356234666135633839663562326136396265393134656539383030373330373737366666303233633738646332656538386566376436376363633435663834373364343630633865656533656a526c55526651396d414c532b6f54416c4164345a62646e47516e6479522f70376a3066454778384e6b4c376c6b3768793651384b38544353754e68524167664330782b7366704d785471796e774d617676754247356d73305a512b4d53655470466f6e5464392b69564b306d5450516b332f4f6b6f532b3562327042693567223b),
('55jumuo7gblbhpdtrma4hvipgdu7d8pb', '127.0.0.1', 1620099574, 0x5f5f63695f6c6173745f726567656e65726174657c693a313632303039393338333b5f5f4143544956455f53455353494f4e5f444154417c733a3235363a2237623937663132313139616232376131383832313665336435613662316237333033363930333932373637393631333039323266356234666135633839663562326136396265393134656539383030373330373737366666303233633738646332656538386566376436376363633435663834373364343630633865656533656a526c55526651396d414c532b6f54416c4164345a62646e47516e6479522f70376a3066454778384e6b4c376c6b3768793651384b38544353754e68524167664330782b7366704d785471796e774d617676754247356d73305a512b4d53655470466f6e5464392b69564b306d5450516b332f4f6b6f532b3562327042693567223b),
('tp8h1r0gn8sm6elk9lkqr67adpcvdggm', '::1', 1620101053, 0x5f5f63695f6c6173745f726567656e65726174657c693a313632303130313035333b5f5f4143544956455f53455353494f4e5f444154417c733a3235363a2232376365633962316662393434316330366364623036383132346630333364306562393334313864376361346163313337373265643238333564346330323462623135666261373434346539353764643034336631303230383363376432613561376632303730633134653833623734393131333864663230396462343937634a587259724948465657516a443877445547614d7478784256544672615956454430734530396f49486d553369696b77416c54723472663773726a4e4931523576316176544c48654a64736949696d5159424e4a6972794e5a78784968564634666d4261446a765a7439756c426d4d387955595a762f4a6c6838564a72763176223b),
('ngm7k6q3b26bjk4enrr6thi61h71828c', '::1', 1620101054, 0x5f5f63695f6c6173745f726567656e65726174657c693a313632303130313035333b5f5f4143544956455f53455353494f4e5f444154417c733a3235363a2232376365633962316662393434316330366364623036383132346630333364306562393334313864376361346163313337373265643238333564346330323462623135666261373434346539353764643034336631303230383363376432613561376632303730633134653833623734393131333864663230396462343937634a587259724948465657516a443877445547614d7478784256544672615956454430734530396f49486d553369696b77416c54723472663773726a4e4931523576316176544c48654a64736949696d5159424e4a6972794e5a78784968564634666d4261446a765a7439756c426d4d387955595a762f4a6c6838564a72763176223b),
('vpsu99i6o6vq66d3hmdr4dqrv3rr6lju', '127.0.0.1', 1620357908, 0x5f5f63695f6c6173745f726567656e65726174657c693a313632303335373635353b5f5f4143544956455f53455353494f4e5f444154417c733a3235363a2234626236343332613561386464326366353037663064613834663436306234393461363565313266623635316630663364623163633930363434376236333461366137623830363861376663353365383235366266666461343231613539363338333163303538393136376531356365663436373266643861386232383361636b4748786630466f59636b3267334d4d42594f552b51715735437a4d546d56673841636656692f4d326d2b75426a70585069557745452b495a6c6169564658726157536f6b6e343038714d48597652476e76304d6d565477454253684452615339774e5653304d764b67326c78746269732f6e324a374a4c73534b3554705653223b73746f72655f666c6173687c733a32363a2250656e646166746172616e20616b756e20626572686173696c21223b5f5f63695f766172737c613a313a7b733a31313a2273746f72655f666c617368223b733a333a226f6c64223b7d),
('kb240hfp2q0k0v6cjtm3e4gnt06jubp7', '::1', 1650013603, 0x5f5f63695f6c6173745f726567656e65726174657c693a313635303031333630333b7265646972656374696f6e7c4e3b5f5f4143544956455f53455353494f4e5f444154417c733a3235363a2238613362386538303762626337333861386531653336386665663161373136363261383865623738356433313736323562393536653530333662656230313462373133646266643264346535626437333038353337613434383965376434316165393733373238373836666337613739353936356134336639653734383363634c337a5043304f4854536e546d7a703048584454313655364b33784b56377254594f305965767a4d48496c524c33304c44356f6c696d65515956634438306f4c753570346c34786b486574555971306e393037562f756b4d6a3330475056462f7251547a557a2b36506e746f376b7a784f7247366c4c6a2f50692b4632557a59223b),
('d0cgpkvhuvelsel1mul8cifrpm34gc50', '::1', 1650013603, 0x5f5f63695f6c6173745f726567656e65726174657c693a313635303031333630333b7265646972656374696f6e7c4e3b6c6f67696e5f666c6173687c733a31363a22426572686173696c206c6f676f757421223b5f5f63695f766172737c613a313a7b733a31313a226c6f67696e5f666c617368223b733a333a226f6c64223b7d),
('3iagucgej1u6jbe65v4p42ul610vtjqp', '::1', 1650013887, 0x5f5f63695f6c6173745f726567656e65726174657c693a313635303031333835313b),
('l83i9ubatl9cuptna3rg7762fu137uad', '::1', 1650083237, 0x5f5f63695f6c6173745f726567656e65726174657c693a313635303038333233373b7265646972656374696f6e7c733a35363a226148523063446f764c327876593246736147397a644339306232747663324635645849766157356b5a586775634768774c32466b62576c75223b),
('reddmm0uoh1nqh494r3gvjsp5thqvkaf', '::1', 1650084477, 0x5f5f63695f6c6173745f726567656e65726174657c693a313635303038343437373b5f5f4143544956455f53455353494f4e5f444154417c733a3235363a2236346432356232333333343165383131653463646634663238303262633638636535353266636630643634623831653562623862363463306635303633343538613236323830303733326264613265333130393834363132346364356135366661363662343662613464383164663561303161336562626263616464303463383467713134764962594572434f484c364854706c6842437455326e71356e73724175545a7457557743524a4b44544c434554522b4b4f774f33722b597a376f6935546e4244713659486f69734a50745a6634614e486d4c6c4e3842346e477750416a43496f524a3539386f376b4c6e355351346d2b774a3975754735366f492b223b),
('vfgpcgmvk26r7k6a8pu3ncldrp7pm1h2', '::1', 1650084739, 0x5f5f63695f6c6173745f726567656e65726174657c693a313635303038343437373b5f5f4143544956455f53455353494f4e5f444154417c733a3235363a2238306164636661353764326231323362346361623638343535633663386264396438313535633536646264333466663963386531366666636636626233646539616534303436356438393837626336643066303430363733313538376263666634373439643362663031316366636434363366336365656165653234636462636a3138435032704d5a766d536c664679524e746464717378694e5268474e516d71346b4a7272543130434e5538744b743367457975526c657139624b477333675452637435793062364d42594454704d465478367151704c656b4a65586c3479612f55666f3174336150334744523845636942307879314d58693658757a5061223b),
('v6hojmjqamlfsuvjlf1ubfpiks9vslc7', '::1', 1650095857, 0x5f5f63695f6c6173745f726567656e65726174657c693a313635303039353835373b),
('cp675hr5qdl7ai0ee4e4uhqi3bmej7on', '::1', 1650096321, 0x5f5f63695f6c6173745f726567656e65726174657c693a313635303039363332313b5f5f4143544956455f53455353494f4e5f444154417c733a3235363a2238623863636236303638653134323933383466343561626665303439623937666635313233323866373061333335363465656433333463363937366431636133383533666637663666396165383866393235623238623364333366633739363931663564646361353163613136306632663233346466316438356530313635646b77473549496e4e564c76383249437a716e7758574c68424f3946736f346347624c636b384d2f6456425578686457712f6a4e4b666f4f4272686d5542484b46706839364a7a65776a67674b6d49517872316f724d6e563553553535764f4b4a517263663551715353746b5974635537726a5a703737616a7456784373794334223b),
('2d42oh1qlakqoqn3kt89june1gbp4kkj', '::1', 1650096588, 0x5f5f63695f6c6173745f726567656e65726174657c693a313635303039363332313b5f5f4143544956455f53455353494f4e5f444154417c733a3235363a2238623863636236303638653134323933383466343561626665303439623937666635313233323866373061333335363465656433333463363937366431636133383533666637663666396165383866393235623238623364333366633739363931663564646361353163613136306632663233346466316438356530313635646b77473549496e4e564c76383249437a716e7758574c68424f3946736f346347624c636b384d2f6456425578686457712f6a4e4b666f4f4272686d5542484b46706839364a7a65776a67674b6d49517872316f724d6e563553553535764f4b4a517263663551715353746b5974635537726a5a703737616a7456784373794334223b),
('5tto2ro5641gggb3nngcpsvdt95qpqac', '::1', 1650246131, 0x5f5f63695f6c6173745f726567656e65726174657c693a313635303234363133313b5f5f4143544956455f53455353494f4e5f444154417c733a3235363a2265313734346439656164393266333234666439326264303938346666643931303761323439643132643436626536376366363862316435646361633930616165656432323530313166333033346330313738373032636233643337343133623134366337366132626434383666316539386538386465326631356231353866307a523469557a3931466732594577662f726f6b4e6c5870433172586f682b3173615652645139724b57336c706f74507152327561753332413654574f4d506b58616f34477a6273505466483434617a41315557314365682f562b4172486a2b595741507047393835764c70734a4a69305a56526f546439394e6f4c672f734b44223b),
('t46uku75eufsv44adp9261kojgs0vaql', '::1', 1650246438, 0x5f5f63695f6c6173745f726567656e65726174657c693a313635303234363433383b5f5f4143544956455f53455353494f4e5f444154417c733a3235363a2265313734346439656164393266333234666439326264303938346666643931303761323439643132643436626536376366363862316435646361633930616165656432323530313166333033346330313738373032636233643337343133623134366337366132626434383666316539386538386465326631356231353866307a523469557a3931466732594577662f726f6b4e6c5870433172586f682b3173615652645139724b57336c706f74507152327561753332413654574f4d506b58616f34477a6273505466483434617a41315557314365682f562b4172486a2b595741507047393835764c70734a4a69305a56526f546439394e6f4c672f734b44223b656469745f70726f647563745f666c6173687c733a32373a2250726f64756b20626572686173696c206469706572626172756921223b5f5f63695f766172737c613a313a7b733a31383a22656469745f70726f647563745f666c617368223b733a333a226f6c64223b7d),
('tp83da2d7f4uir7npom2ab7etucaukc4', '::1', 1650246914, 0x5f5f63695f6c6173745f726567656e65726174657c693a313635303234363931343b5f5f4143544956455f53455353494f4e5f444154417c733a3235363a2265313734346439656164393266333234666439326264303938346666643931303761323439643132643436626536376366363862316435646361633930616165656432323530313166333033346330313738373032636233643337343133623134366337366132626434383666316539386538386465326631356231353866307a523469557a3931466732594577662f726f6b4e6c5870433172586f682b3173615652645139724b57336c706f74507152327561753332413654574f4d506b58616f34477a6273505466483434617a41315557314365682f562b4172486a2b595741507047393835764c70734a4a69305a56526f546439394e6f4c672f734b44223b),
('olvkklp2vn943j9p7ju7dff1jujqbvcg', '::1', 1650247438, 0x5f5f63695f6c6173745f726567656e65726174657c693a313635303234373433383b5f5f4143544956455f53455353494f4e5f444154417c733a3235363a2265313734346439656164393266333234666439326264303938346666643931303761323439643132643436626536376366363862316435646361633930616165656432323530313166333033346330313738373032636233643337343133623134366337366132626434383666316539386538386465326631356231353866307a523469557a3931466732594577662f726f6b4e6c5870433172586f682b3173615652645139724b57336c706f74507152327561753332413654574f4d506b58616f34477a6273505466483434617a41315557314365682f562b4172486a2b595741507047393835764c70734a4a69305a56526f546439394e6f4c672f734b44223b7265646972656374696f6e7c733a38343a226148523063446f764c327876593246736147397a644339306232747663324635645849766157356b5a586775634768774c324e3163335276625756794c3342686557316c626e527a4c324e76626d5a70636d303d223b),
('l842at3aso65be279ra1bo1d1io77b7t', '::1', 1650248529, 0x5f5f63695f6c6173745f726567656e65726174657c693a313635303234383532393b5f5f4143544956455f53455353494f4e5f444154417c733a3235363a2265313734346439656164393266333234666439326264303938346666643931303761323439643132643436626536376366363862316435646361633930616165656432323530313166333033346330313738373032636233643337343133623134366337366132626434383666316539386538386465326631356231353866307a523469557a3931466732594577662f726f6b4e6c5870433172586f682b3173615652645139724b57336c706f74507152327561753332413654574f4d506b58616f34477a6273505466483434617a41315557314365682f562b4172486a2b595741507047393835764c70734a4a69305a56526f546439394e6f4c672f734b44223b7265646972656374696f6e7c733a38343a226148523063446f764c327876593246736147397a644339306232747663324635645849766157356b5a586775634768774c324e3163335276625756794c3342686557316c626e527a4c324e76626d5a70636d303d223b),
('53fns4lciikbrieth2d6cq3krsoo6i5f', '::1', 1650249242, 0x5f5f63695f6c6173745f726567656e65726174657c693a313635303234393234323b5f5f4143544956455f53455353494f4e5f444154417c733a3235363a2265313734346439656164393266333234666439326264303938346666643931303761323439643132643436626536376366363862316435646361633930616165656432323530313166333033346330313738373032636233643337343133623134366337366132626434383666316539386538386465326631356231353866307a523469557a3931466732594577662f726f6b4e6c5870433172586f682b3173615652645139724b57336c706f74507152327561753332413654574f4d506b58616f34477a6273505466483434617a41315557314365682f562b4172486a2b595741507047393835764c70734a4a69305a56526f546439394e6f4c672f734b44223b7265646972656374696f6e7c733a38343a226148523063446f764c327876593246736147397a644339306232747663324635645849766157356b5a586775634768774c324e3163335276625756794c3342686557316c626e527a4c324e76626d5a70636d303d223b),
('vshms5be8gqfocl6go0veroqdjgvtio5', '::1', 1650249689, 0x5f5f63695f6c6173745f726567656e65726174657c693a313635303234393638393b5f5f4143544956455f53455353494f4e5f444154417c733a3235363a2265313734346439656164393266333234666439326264303938346666643931303761323439643132643436626536376366363862316435646361633930616165656432323530313166333033346330313738373032636233643337343133623134366337366132626434383666316539386538386465326631356231353866307a523469557a3931466732594577662f726f6b4e6c5870433172586f682b3173615652645139724b57336c706f74507152327561753332413654574f4d506b58616f34477a6273505466483434617a41315557314365682f562b4172486a2b595741507047393835764c70734a4a69305a56526f546439394e6f4c672f734b44223b7265646972656374696f6e7c733a38343a226148523063446f764c327876593246736147397a644339306232747663324635645849766157356b5a586775634768774c324e3163335276625756794c3342686557316c626e527a4c324e76626d5a70636d303d223b),
('q5fu3u1jaq0igqsdsmk1ngv1k3ec15bb', '::1', 1650250006, 0x5f5f63695f6c6173745f726567656e65726174657c693a313635303235303030363b5f5f4143544956455f53455353494f4e5f444154417c733a3235363a2265313734346439656164393266333234666439326264303938346666643931303761323439643132643436626536376366363862316435646361633930616165656432323530313166333033346330313738373032636233643337343133623134366337366132626434383666316539386538386465326631356231353866307a523469557a3931466732594577662f726f6b4e6c5870433172586f682b3173615652645139724b57336c706f74507152327561753332413654574f4d506b58616f34477a6273505466483434617a41315557314365682f562b4172486a2b595741507047393835764c70734a4a69305a56526f546439394e6f4c672f734b44223b7265646972656374696f6e7c733a38343a226148523063446f764c327876593246736147397a644339306232747663324635645849766157356b5a586775634768774c324e3163335276625756794c3342686557316c626e527a4c324e76626d5a70636d303d223b636172745f636f6e74656e74737c613a333a7b733a31303a22636172745f746f74616c223b643a353930303030303b733a31313a22746f74616c5f6974656d73223b643a313b733a33323a226161623332333839323262636332356136663630366562353235666664633536223b613a363a7b733a323a226964223b733a323a223134223b733a333a22717479223b643a313b733a353a227072696365223b643a353930303030303b733a343a226e616d65223b733a33363a22496e66696e697820494e426f6f6b2058312049434c2d6933203731303038333030303130223b733a353a22726f776964223b733a33323a226161623332333839323262636332356136663630366562353235666664633536223b733a383a22737562746f74616c223b643a353930303030303b7d7d),
('3ctpim8h24cud6r30qbu0j0nlpmu37a3', '::1', 1650250394, 0x5f5f63695f6c6173745f726567656e65726174657c693a313635303235303339343b5f5f4143544956455f53455353494f4e5f444154417c733a3235363a2265313734346439656164393266333234666439326264303938346666643931303761323439643132643436626536376366363862316435646361633930616165656432323530313166333033346330313738373032636233643337343133623134366337366132626434383666316539386538386465326631356231353866307a523469557a3931466732594577662f726f6b4e6c5870433172586f682b3173615652645139724b57336c706f74507152327561753332413654574f4d506b58616f34477a6273505466483434617a41315557314365682f562b4172486a2b595741507047393835764c70734a4a69305a56526f546439394e6f4c672f734b44223b7265646972656374696f6e7c733a38343a226148523063446f764c327876593246736147397a644339306232747663324635645849766157356b5a586775634768774c324e3163335276625756794c3342686557316c626e527a4c324e76626d5a70636d303d223b636172745f636f6e74656e74737c613a333a7b733a31303a22636172745f746f74616c223b643a353930303030303b733a31313a22746f74616c5f6974656d73223b643a313b733a33323a226161623332333839323262636332356136663630366562353235666664633536223b613a363a7b733a323a226964223b733a323a223134223b733a333a22717479223b643a313b733a353a227072696365223b643a353930303030303b733a343a226e616d65223b733a33363a22496e66696e697820494e426f6f6b2058312049434c2d6933203731303038333030303130223b733a353a22726f776964223b733a33323a226161623332333839323262636332356136663630366562353235666664633536223b733a383a22737562746f74616c223b643a353930303030303b7d7d),
('dkv138nan95vnjnu37o1640geirb1j2t', '::1', 1650250728, 0x5f5f63695f6c6173745f726567656e65726174657c693a313635303235303732383b5f5f4143544956455f53455353494f4e5f444154417c733a3235363a2265313734346439656164393266333234666439326264303938346666643931303761323439643132643436626536376366363862316435646361633930616165656432323530313166333033346330313738373032636233643337343133623134366337366132626434383666316539386538386465326631356231353866307a523469557a3931466732594577662f726f6b4e6c5870433172586f682b3173615652645139724b57336c706f74507152327561753332413654574f4d506b58616f34477a6273505466483434617a41315557314365682f562b4172486a2b595741507047393835764c70734a4a69305a56526f546439394e6f4c672f734b44223b7265646972656374696f6e7c733a38343a226148523063446f764c327876593246736147397a644339306232747663324635645849766157356b5a586775634768774c324e3163335276625756794c3342686557316c626e527a4c324e76626d5a70636d303d223b636172745f636f6e74656e74737c613a333a7b733a31303a22636172745f746f74616c223b643a353930303030303b733a31313a22746f74616c5f6974656d73223b643a313b733a33323a226161623332333839323262636332356136663630366562353235666664633536223b613a363a7b733a323a226964223b733a323a223134223b733a333a22717479223b643a313b733a353a227072696365223b643a353930303030303b733a343a226e616d65223b733a33363a22496e66696e697820494e426f6f6b2058312049434c2d6933203731303038333030303130223b733a353a22726f776964223b733a33323a226161623332333839323262636332356136663630366562353235666664633536223b733a383a22737562746f74616c223b643a353930303030303b7d7d),
('vnd1chphsr0h33tobrmsadnvk2bnj88k', '::1', 1650251191, 0x5f5f63695f6c6173745f726567656e65726174657c693a313635303235313139313b5f5f4143544956455f53455353494f4e5f444154417c733a3235363a2265313734346439656164393266333234666439326264303938346666643931303761323439643132643436626536376366363862316435646361633930616165656432323530313166333033346330313738373032636233643337343133623134366337366132626434383666316539386538386465326631356231353866307a523469557a3931466732594577662f726f6b4e6c5870433172586f682b3173615652645139724b57336c706f74507152327561753332413654574f4d506b58616f34477a6273505466483434617a41315557314365682f562b4172486a2b595741507047393835764c70734a4a69305a56526f546439394e6f4c672f734b44223b7265646972656374696f6e7c733a38343a226148523063446f764c327876593246736147397a644339306232747663324635645849766157356b5a586775634768774c324e3163335276625756794c3342686557316c626e527a4c324e76626d5a70636d303d223b636172745f636f6e74656e74737c613a333a7b733a31303a22636172745f746f74616c223b643a353930303030303b733a31313a22746f74616c5f6974656d73223b643a313b733a33323a226161623332333839323262636332356136663630366562353235666664633536223b613a363a7b733a323a226964223b733a323a223134223b733a333a22717479223b643a313b733a353a227072696365223b643a353930303030303b733a343a226e616d65223b733a33363a22496e66696e697820494e426f6f6b2058312049434c2d6933203731303038333030303130223b733a353a22726f776964223b733a33323a226161623332333839323262636332356136663630366562353235666664633536223b733a383a22737562746f74616c223b643a353930303030303b7d7d),
('ccqolf4j95ndaud0co4a8kl5dnutr8b8', '::1', 1650251551, 0x5f5f63695f6c6173745f726567656e65726174657c693a313635303235313535313b5f5f4143544956455f53455353494f4e5f444154417c733a3235363a2265313734346439656164393266333234666439326264303938346666643931303761323439643132643436626536376366363862316435646361633930616165656432323530313166333033346330313738373032636233643337343133623134366337366132626434383666316539386538386465326631356231353866307a523469557a3931466732594577662f726f6b4e6c5870433172586f682b3173615652645139724b57336c706f74507152327561753332413654574f4d506b58616f34477a6273505466483434617a41315557314365682f562b4172486a2b595741507047393835764c70734a4a69305a56526f546439394e6f4c672f734b44223b7265646972656374696f6e7c733a38343a226148523063446f764c327876593246736147397a644339306232747663324635645849766157356b5a586775634768774c324e3163335276625756794c3342686557316c626e527a4c324e76626d5a70636d303d223b636172745f636f6e74656e74737c613a333a7b733a31303a22636172745f746f74616c223b643a353930303030303b733a31313a22746f74616c5f6974656d73223b643a313b733a33323a226161623332333839323262636332356136663630366562353235666664633536223b613a363a7b733a323a226964223b733a323a223134223b733a333a22717479223b643a313b733a353a227072696365223b643a353930303030303b733a343a226e616d65223b733a33363a22496e66696e697820494e426f6f6b2058312049434c2d6933203731303038333030303130223b733a353a22726f776964223b733a33323a226161623332333839323262636332356136663630366562353235666664633536223b733a383a22737562746f74616c223b643a353930303030303b7d7d),
('rc5pdmi9l68msv2sb0rhn434smg2m4aq', '::1', 1650251858, 0x5f5f63695f6c6173745f726567656e65726174657c693a313635303235313835383b5f5f4143544956455f53455353494f4e5f444154417c733a3235363a2265313734346439656164393266333234666439326264303938346666643931303761323439643132643436626536376366363862316435646361633930616165656432323530313166333033346330313738373032636233643337343133623134366337366132626434383666316539386538386465326631356231353866307a523469557a3931466732594577662f726f6b4e6c5870433172586f682b3173615652645139724b57336c706f74507152327561753332413654574f4d506b58616f34477a6273505466483434617a41315557314365682f562b4172486a2b595741507047393835764c70734a4a69305a56526f546439394e6f4c672f734b44223b7265646972656374696f6e7c733a38343a226148523063446f764c327876593246736147397a644339306232747663324635645849766157356b5a586775634768774c324e3163335276625756794c3342686557316c626e527a4c324e76626d5a70636d303d223b636172745f636f6e74656e74737c613a333a7b733a31303a22636172745f746f74616c223b643a353930303030303b733a31313a22746f74616c5f6974656d73223b643a313b733a33323a226161623332333839323262636332356136663630366562353235666664633536223b613a363a7b733a323a226964223b733a323a223134223b733a333a22717479223b643a313b733a353a227072696365223b643a353930303030303b733a343a226e616d65223b733a33363a22496e66696e697820494e426f6f6b2058312049434c2d6933203731303038333030303130223b733a353a22726f776964223b733a33323a226161623332333839323262636332356136663630366562353235666664633536223b733a383a22737562746f74616c223b643a353930303030303b7d7d),
('oppb4mcdoj5gng8oecshffqja56bcpaq', '::1', 1650252165, 0x5f5f63695f6c6173745f726567656e65726174657c693a313635303235323136353b5f5f4143544956455f53455353494f4e5f444154417c733a3235363a2265313734346439656164393266333234666439326264303938346666643931303761323439643132643436626536376366363862316435646361633930616165656432323530313166333033346330313738373032636233643337343133623134366337366132626434383666316539386538386465326631356231353866307a523469557a3931466732594577662f726f6b4e6c5870433172586f682b3173615652645139724b57336c706f74507152327561753332413654574f4d506b58616f34477a6273505466483434617a41315557314365682f562b4172486a2b595741507047393835764c70734a4a69305a56526f546439394e6f4c672f734b44223b7265646972656374696f6e7c733a38343a226148523063446f764c327876593246736147397a644339306232747663324635645849766157356b5a586775634768774c324e3163335276625756794c3342686557316c626e527a4c324e76626d5a70636d303d223b636172745f636f6e74656e74737c613a333a7b733a31303a22636172745f746f74616c223b643a353930303030303b733a31313a22746f74616c5f6974656d73223b643a313b733a33323a226161623332333839323262636332356136663630366562353235666664633536223b613a363a7b733a323a226964223b733a323a223134223b733a333a22717479223b643a313b733a353a227072696365223b643a353930303030303b733a343a226e616d65223b733a33363a22496e66696e697820494e426f6f6b2058312049434c2d6933203731303038333030303130223b733a353a22726f776964223b733a33323a226161623332333839323262636332356136663630366562353235666664633536223b733a383a22737562746f74616c223b643a353930303030303b7d7d),
('0gnh068rml03fpmv74u3urmq2a1kasnr', '::1', 1650252513, 0x5f5f63695f6c6173745f726567656e65726174657c693a313635303235323531333b5f5f4143544956455f53455353494f4e5f444154417c733a3235363a2265313734346439656164393266333234666439326264303938346666643931303761323439643132643436626536376366363862316435646361633930616165656432323530313166333033346330313738373032636233643337343133623134366337366132626434383666316539386538386465326631356231353866307a523469557a3931466732594577662f726f6b4e6c5870433172586f682b3173615652645139724b57336c706f74507152327561753332413654574f4d506b58616f34477a6273505466483434617a41315557314365682f562b4172486a2b595741507047393835764c70734a4a69305a56526f546439394e6f4c672f734b44223b7265646972656374696f6e7c733a38343a226148523063446f764c327876593246736147397a644339306232747663324635645849766157356b5a586775634768774c324e3163335276625756794c3342686557316c626e527a4c324e76626d5a70636d303d223b636172745f636f6e74656e74737c613a333a7b733a31303a22636172745f746f74616c223b643a353930303030303b733a31313a22746f74616c5f6974656d73223b643a313b733a33323a226161623332333839323262636332356136663630366562353235666664633536223b613a363a7b733a323a226964223b733a323a223134223b733a333a22717479223b643a313b733a353a227072696365223b643a353930303030303b733a343a226e616d65223b733a33363a22496e66696e697820494e426f6f6b2058312049434c2d6933203731303038333030303130223b733a353a22726f776964223b733a33323a226161623332333839323262636332356136663630366562353235666664633536223b733a383a22737562746f74616c223b643a353930303030303b7d7d),
('o0qmpshrm0sft983bcihagfmqapj8gng', '::1', 1650252823, 0x5f5f63695f6c6173745f726567656e65726174657c693a313635303235323832333b5f5f4143544956455f53455353494f4e5f444154417c733a3235363a2265313734346439656164393266333234666439326264303938346666643931303761323439643132643436626536376366363862316435646361633930616165656432323530313166333033346330313738373032636233643337343133623134366337366132626434383666316539386538386465326631356231353866307a523469557a3931466732594577662f726f6b4e6c5870433172586f682b3173615652645139724b57336c706f74507152327561753332413654574f4d506b58616f34477a6273505466483434617a41315557314365682f562b4172486a2b595741507047393835764c70734a4a69305a56526f546439394e6f4c672f734b44223b7265646972656374696f6e7c733a38343a226148523063446f764c327876593246736147397a644339306232747663324635645849766157356b5a586775634768774c324e3163335276625756794c3342686557316c626e527a4c324e76626d5a70636d303d223b636172745f636f6e74656e74737c613a333a7b733a31303a22636172745f746f74616c223b643a353930303030303b733a31313a22746f74616c5f6974656d73223b643a313b733a33323a226161623332333839323262636332356136663630366562353235666664633536223b613a363a7b733a323a226964223b733a323a223134223b733a333a22717479223b643a313b733a353a227072696365223b643a353930303030303b733a343a226e616d65223b733a33363a22496e66696e697820494e426f6f6b2058312049434c2d6933203731303038333030303130223b733a353a22726f776964223b733a33323a226161623332333839323262636332356136663630366562353235666664633536223b733a383a22737562746f74616c223b643a353930303030303b7d7d),
('it648cevddvo13p8ut81cq72rqtijaab', '::1', 1650253153, 0x5f5f63695f6c6173745f726567656e65726174657c693a313635303235333135333b5f5f4143544956455f53455353494f4e5f444154417c733a3235363a2265313734346439656164393266333234666439326264303938346666643931303761323439643132643436626536376366363862316435646361633930616165656432323530313166333033346330313738373032636233643337343133623134366337366132626434383666316539386538386465326631356231353866307a523469557a3931466732594577662f726f6b4e6c5870433172586f682b3173615652645139724b57336c706f74507152327561753332413654574f4d506b58616f34477a6273505466483434617a41315557314365682f562b4172486a2b595741507047393835764c70734a4a69305a56526f546439394e6f4c672f734b44223b7265646972656374696f6e7c733a38343a226148523063446f764c327876593246736147397a644339306232747663324635645849766157356b5a586775634768774c324e3163335276625756794c3342686557316c626e527a4c324e76626d5a70636d303d223b636172745f636f6e74656e74737c613a333a7b733a31303a22636172745f746f74616c223b643a353930303030303b733a31313a22746f74616c5f6974656d73223b643a313b733a33323a226161623332333839323262636332356136663630366562353235666664633536223b613a363a7b733a323a226964223b733a323a223134223b733a333a22717479223b643a313b733a353a227072696365223b643a353930303030303b733a343a226e616d65223b733a33363a22496e66696e697820494e426f6f6b2058312049434c2d6933203731303038333030303130223b733a353a22726f776964223b733a33323a226161623332333839323262636332356136663630366562353235666664633536223b733a383a22737562746f74616c223b643a353930303030303b7d7d),
('g00dkv5nenhcfqj9lrljbje3b5vf4687', '::1', 1650253732, 0x5f5f63695f6c6173745f726567656e65726174657c693a313635303235333733323b5f5f4143544956455f53455353494f4e5f444154417c733a3235363a2265313734346439656164393266333234666439326264303938346666643931303761323439643132643436626536376366363862316435646361633930616165656432323530313166333033346330313738373032636233643337343133623134366337366132626434383666316539386538386465326631356231353866307a523469557a3931466732594577662f726f6b4e6c5870433172586f682b3173615652645139724b57336c706f74507152327561753332413654574f4d506b58616f34477a6273505466483434617a41315557314365682f562b4172486a2b595741507047393835764c70734a4a69305a56526f546439394e6f4c672f734b44223b7265646972656374696f6e7c733a38343a226148523063446f764c327876593246736147397a644339306232747663324635645849766157356b5a586775634768774c324e3163335276625756794c3342686557316c626e527a4c324e76626d5a70636d303d223b636172745f636f6e74656e74737c613a333a7b733a31303a22636172745f746f74616c223b643a353930303030303b733a31313a22746f74616c5f6974656d73223b643a313b733a33323a226161623332333839323262636332356136663630366562353235666664633536223b613a363a7b733a323a226964223b733a323a223134223b733a333a22717479223b643a313b733a353a227072696365223b643a353930303030303b733a343a226e616d65223b733a33363a22496e66696e697820494e426f6f6b2058312049434c2d6933203731303038333030303130223b733a353a22726f776964223b733a33323a226161623332333839323262636332356136663630366562353235666664633536223b733a383a22737562746f74616c223b643a353930303030303b7d7d),
('34l7r1jj4frfnnofro0tk0nh32sime64', '::1', 1650254033, 0x5f5f63695f6c6173745f726567656e65726174657c693a313635303235343033333b5f5f4143544956455f53455353494f4e5f444154417c733a3235363a2265313734346439656164393266333234666439326264303938346666643931303761323439643132643436626536376366363862316435646361633930616165656432323530313166333033346330313738373032636233643337343133623134366337366132626434383666316539386538386465326631356231353866307a523469557a3931466732594577662f726f6b4e6c5870433172586f682b3173615652645139724b57336c706f74507152327561753332413654574f4d506b58616f34477a6273505466483434617a41315557314365682f562b4172486a2b595741507047393835764c70734a4a69305a56526f546439394e6f4c672f734b44223b7265646972656374696f6e7c733a38343a226148523063446f764c327876593246736147397a644339306232747663324635645849766157356b5a586775634768774c324e3163335276625756794c3342686557316c626e527a4c324e76626d5a70636d303d223b636172745f636f6e74656e74737c613a333a7b733a31303a22636172745f746f74616c223b643a353930303030303b733a31313a22746f74616c5f6974656d73223b643a313b733a33323a226161623332333839323262636332356136663630366562353235666664633536223b613a363a7b733a323a226964223b733a323a223134223b733a333a22717479223b643a313b733a353a227072696365223b643a353930303030303b733a343a226e616d65223b733a33363a22496e66696e697820494e426f6f6b2058312049434c2d6933203731303038333030303130223b733a353a22726f776964223b733a33323a226161623332333839323262636332356136663630366562353235666664633536223b733a383a22737562746f74616c223b643a353930303030303b7d7d73657474696e67735f666c6173687c733a32363a2250726f66696c20626572686173696c2064697065726261727569223b5f5f63695f766172737c613a313a7b733a31343a2273657474696e67735f666c617368223b733a333a226f6c64223b7d),
('do5l3vt69nqqmkgomkqtq3nmttcbg20v', '::1', 1650254144, 0x5f5f63695f6c6173745f726567656e65726174657c693a313635303235343033333b5f5f4143544956455f53455353494f4e5f444154417c733a3235363a2265313734346439656164393266333234666439326264303938346666643931303761323439643132643436626536376366363862316435646361633930616165656432323530313166333033346330313738373032636233643337343133623134366337366132626434383666316539386538386465326631356231353866307a523469557a3931466732594577662f726f6b4e6c5870433172586f682b3173615652645139724b57336c706f74507152327561753332413654574f4d506b58616f34477a6273505466483434617a41315557314365682f562b4172486a2b595741507047393835764c70734a4a69305a56526f546439394e6f4c672f734b44223b7265646972656374696f6e7c733a38343a226148523063446f764c327876593246736147397a644339306232747663324635645849766157356b5a586775634768774c324e3163335276625756794c3342686557316c626e527a4c324e76626d5a70636d303d223b636172745f636f6e74656e74737c613a333a7b733a31303a22636172745f746f74616c223b643a353930303030303b733a31313a22746f74616c5f6974656d73223b643a313b733a33323a226161623332333839323262636332356136663630366562353235666664633536223b613a363a7b733a323a226964223b733a323a223134223b733a333a22717479223b643a313b733a353a227072696365223b643a353930303030303b733a343a226e616d65223b733a33363a22496e66696e697820494e426f6f6b2058312049434c2d6933203731303038333030303130223b733a353a22726f776964223b733a33323a226161623332333839323262636332356136663630366562353235666664633536223b733a383a22737562746f74616c223b643a353930303030303b7d7d);

-- --------------------------------------------------------

--
-- Table structure for table `contacts`
--

CREATE TABLE `contacts` (
  `id` int(10) NOT NULL,
  `parent_id` int(10) DEFAULT NULL,
  `name` varchar(32) NOT NULL,
  `subject` varchar(128) DEFAULT NULL,
  `email` varchar(64) NOT NULL,
  `message` mediumtext NOT NULL,
  `contact_date` datetime DEFAULT NULL,
  `status` tinyint(1) DEFAULT 1,
  `reply_at` datetime DEFAULT NULL
) ENGINE=InnoDB DEFAULT CHARSET=utf8mb4;

--
-- Dumping data for table `contacts`
--

INSERT INTO `contacts` (`id`, `parent_id`, `name`, `subject`, `email`, `message`, `contact_date`, `status`, `reply_at`) VALUES
(1, NULL, 'Agung Tri Saputra', 'Pengiriman kok lama?', 'martinms.za@gmail.com', 'pengiriman pesanan saya kok lama ya', '2020-03-29 07:40:13', 2, NULL);

-- --------------------------------------------------------

--
-- Table structure for table `coupons`
--

CREATE TABLE `coupons` (
  `id` bigint(20) NOT NULL,
  `name` varchar(191) NOT NULL,
  `code` varchar(32) NOT NULL,
  `credit` decimal(8,2) NOT NULL,
  `start_date` date NOT NULL,
  `expired_date` date NOT NULL,
  `is_active` tinyint(4) DEFAULT 1
) ENGINE=InnoDB DEFAULT CHARSET=utf8mb4;

--
-- Dumping data for table `coupons`
--

INSERT INTO `coupons` (`id`, `name`, `code`, `credit`, `start_date`, `expired_date`, `is_active`) VALUES
(4, 'Berbagi Ramadhan', 'RAMADHAN2021', '5000.00', '2021-05-02', '2021-05-09', 1),
(5, 'WELCOME MAY', 'MAY21', '4000.00', '2021-05-01', '2021-05-08', 1);

-- --------------------------------------------------------

--
-- Table structure for table `customers`
--

CREATE TABLE `customers` (
  `id` bigint(20) NOT NULL,
  `user_id` bigint(20) UNSIGNED DEFAULT NULL,
  `name` varchar(191) NOT NULL,
  `phone_number` varchar(32) DEFAULT NULL,
  `address` varchar(191) NOT NULL,
  `profile_picture` varchar(191) DEFAULT NULL
) ENGINE=InnoDB DEFAULT CHARSET=utf8mb4;

-- --------------------------------------------------------

--
-- Table structure for table `orders`
--

CREATE TABLE `orders` (
  `id` bigint(20) NOT NULL,
  `user_id` bigint(20) UNSIGNED DEFAULT NULL,
  `coupon_id` bigint(20) DEFAULT NULL,
  `order_number` varchar(16) NOT NULL,
  `order_status` enum('1','2','3','4','5') DEFAULT '1',
  `order_date` datetime NOT NULL,
  `total_price` decimal(8,2) DEFAULT NULL,
  `total_items` int(10) DEFAULT NULL,
  `payment_method` int(11) DEFAULT 1,
  `delivery_data` text DEFAULT NULL,
  `delivered_date` datetime DEFAULT NULL,
  `finish_date` datetime DEFAULT NULL
) ENGINE=InnoDB DEFAULT CHARSET=utf8mb4;

-- --------------------------------------------------------

--
-- Table structure for table `order_items`
--

CREATE TABLE `order_items` (
  `id` bigint(20) NOT NULL,
  `order_id` bigint(20) DEFAULT NULL,
  `product_id` bigint(20) DEFAULT NULL,
  `order_qty` int(10) NOT NULL,
  `order_price` decimal(8,2) DEFAULT NULL
) ENGINE=InnoDB DEFAULT CHARSET=utf8mb4;

--
-- Dumping data for table `order_items`
--

INSERT INTO `order_items` (`id`, `order_id`, `product_id`, `order_qty`, `order_price`) VALUES
(13, 9, 9, 1, '35000.00'),
(14, 9, 10, 1, '12000.00'),
(15, 9, 11, 1, '15000.00'),
(16, 10, 1, 2, '65000.00'),
(17, 10, 10, 1, '12000.00'),
(18, 11, 1, 2, '65000.00');

-- --------------------------------------------------------

--
-- Table structure for table `payments`
--

CREATE TABLE `payments` (
  `id` bigint(20) NOT NULL,
  `order_id` bigint(20) DEFAULT NULL,
  `payment_price` decimal(8,2) DEFAULT NULL,
  `payment_date` datetime NOT NULL,
  `picture_name` varchar(191) DEFAULT NULL,
  `payment_status` enum('1','2','3') DEFAULT '1',
  `confirmed_date` datetime DEFAULT NULL,
  `payment_data` text DEFAULT NULL
) ENGINE=InnoDB DEFAULT CHARSET=utf8mb4;

--
-- Dumping data for table `payments`
--

INSERT INTO `payments` (`id`, `order_id`, `payment_price`, `payment_date`, `picture_name`, `payment_status`, `confirmed_date`, `payment_data`) VALUES
(4, 5, '271000.00', '2020-03-29 08:20:39', 'category-1.jpg', '1', NULL, '{\"transfer_to\":\"bri\",\"source\":{\"bank\":\"Bank BRI\",\"name\":\"Agung Tri Saputra\",\"number\":\"12-345-678-9\"}}'),
(5, 7, '78000.00', '2020-03-30 08:51:08', 'html5.jpg', '2', NULL, '{\"transfer_to\":\"btn\",\"source\":{\"bank\":\"BANK BCA\",\"name\":\"MMS\",\"number\":\"123-456\"}}'),
(6, 11, '130000.00', '2021-05-04 10:39:11', 'REAKSI_ARTILERI-removebg-preview.png', '1', NULL, '{\"transfer_to\":\"bank-jago-xx\",\"source\":{\"bank\":\"we\",\"name\":\"ddf\",\"number\":\"123\"}}');

-- --------------------------------------------------------

--
-- Table structure for table `products`
--

CREATE TABLE `products` (
  `id` bigint(20) NOT NULL,
  `category_id` int(10) DEFAULT NULL,
  `sku` varchar(32) DEFAULT NULL,
  `name` varchar(191) NOT NULL,
  `description` text DEFAULT NULL,
  `picture_name` varchar(191) DEFAULT NULL,
  `price` bigint(11) NOT NULL,
  `current_discount` decimal(8,2) DEFAULT 0.00,
  `stock` int(10) NOT NULL,
  `product_unit` varchar(32) DEFAULT NULL,
  `is_available` tinyint(1) DEFAULT 1,
  `add_date` datetime DEFAULT NULL
) ENGINE=InnoDB DEFAULT CHARSET=utf8mb4;

--
-- Dumping data for table `products`
--

INSERT INTO `products` (`id`, `category_id`, `sku`, `name`, `description`, `picture_name`, `price`, `current_discount`, `stock`, `product_unit`, `is_available`, `add_date`) VALUES
(1, 2, 'SB750372', 'SanDisk Cruzer Blade USB Flash Drive - SDCZ50', NULL, 'ezgif_com-gif-maker_(13).jpg', 76400, '1000.00', 50, '1', 1, '2020-03-26 15:02:52'),
(2, 2, 'BS350420', 'V-GEN SSD [128GB/ SATA 3]', NULL, 'ezgif_com-gif-maker_(12).jpg', 309000, '2000.00', 10, '1', 1, '2020-03-26 15:03:40'),
(4, 2, 'TS120790', 'Western Digital New My Passport 5TB Harddisk Eksternal USB 3.2 Blue Sky Free Pouch Free Calender', NULL, 'ezgif_com-gif-maker_(11).jpg', 1799000, '0.00', 20, '1', 1, '2020-03-26 19:36:30'),
(5, 2, 'WS120811', 'NYK K-02 Sacred - Gaming Keyboard', NULL, 'ezgif_com-gif-maker_(10).jpg', 108000, '0.00', 20, '1', 1, '2020-03-26 19:36:51'),
(8, 2, 'PS220885', 'TP-LINK Mercusys MW300RE 300Mbps Signal amplifier WiFi Amplifier (WiFi Range Extender) Repeater tplink', NULL, 'ezgif_com-gif-maker_(9).jpg', 134000, '0.00', 20, '1', 1, '2020-03-26 19:38:05'),
(9, 2, 'AB450163', 'Logitech Signature M650 Mouse Wireless Bluetooth Silent Rose', NULL, 'ezgif_com-gif-maker_(8).jpg', 355000, '5000.00', 50, '1', 1, '2020-03-26 19:42:43'),
(10, 1, 'BMS120283', 'Xiaomi RedmiBook 15 Notebook  Dark Grey ( i3-1115G4 / 8GB / 512GB SSD / UMA / 15.6 FHD TN / Win10 )', NULL, 'ezgif_com-gif-maker_(7).jpg', 6959000, '0.00', 20, '6', 1, '2020-03-26 19:44:42'),
(11, 1, 'URS13301', 'HP PAVILION GAMING 15 EC2047AX - RYZEN 5 5600 16GB 512SSD GTX1650 4GB W10 OHS 15.6FHD GREEN', NULL, 'ezgif_com-gif-maker_(6).jpg', 11948000, '0.00', 3, '10', 1, '2020-03-26 19:45:01'),
(12, 1, 'BPS15347', 'HUAWEI MateBook D15 i5-1135G7 Laptop [Intel i5+8GB+512GB SSD+Win 11] | Sleek Metal Body | 15.6\" FHD Ultrabook | 56Wh', NULL, 'ezgif_com-gif-maker_(5).jpg', 10989000, '0.00', 5, '6', 1, '2020-03-26 19:45:47'),
(13, 1, 'KPS223370', 'HP 15S FQ2642TU I5 1135G7 8GB 512SSD W10 OHS 15.6FHD SILVER', NULL, 'ezgif_com-gif-maker_(4).jpg', 9498000, '0.00', 23, '5', 1, '2020-03-26 19:46:10'),
(14, 1, 'CMS410424', 'Infinix INBook X1 ICL-i3 71008300010', NULL, 'ezgif_com-gif-maker.jpg', 6200000, '300000.00', 10, '4', 1, '2020-03-26 19:47:04');

-- --------------------------------------------------------

--
-- Table structure for table `product_category`
--

CREATE TABLE `product_category` (
  `id` int(10) NOT NULL,
  `name` varchar(191) NOT NULL
) ENGINE=InnoDB DEFAULT CHARSET=utf8mb4;

--
-- Dumping data for table `product_category`
--

INSERT INTO `product_category` (`id`, `name`) VALUES
(1, 'Laptop'),
(2, 'Aksesoris');

-- --------------------------------------------------------

--
-- Table structure for table `reviews`
--

CREATE TABLE `reviews` (
  `id` bigint(20) NOT NULL,
  `user_id` bigint(20) UNSIGNED DEFAULT NULL,
  `order_id` bigint(20) DEFAULT NULL,
  `title` varchar(191) DEFAULT NULL,
  `review_text` mediumtext NOT NULL,
  `review_date` datetime NOT NULL,
  `status` tinyint(1) NOT NULL DEFAULT 1
) ENGINE=InnoDB DEFAULT CHARSET=utf8mb4;

--
-- Dumping data for table `reviews`
--

INSERT INTO `reviews` (`id`, `user_id`, `order_id`, `title`, `review_text`, `review_date`, `status`) VALUES
(2, 7, 6, 'Sangat puas', 'Pengiriman cepat dan sayur segar', '2020-03-30 08:31:31', 1),
(3, 7, 5, 'Buah segar', 'Buah segar dan kualitasnya sangat bagus', '2020-03-30 08:33:10', 1);

-- --------------------------------------------------------

--
-- Table structure for table `settings`
--

CREATE TABLE `settings` (
  `id` int(10) NOT NULL,
  `key` varchar(32) NOT NULL,
  `content` text NOT NULL
) ENGINE=InnoDB DEFAULT CHARSET=utf8mb4;

--
-- Dumping data for table `settings`
--

INSERT INTO `settings` (`id`, `key`, `content`) VALUES
(1, 'current_theme_name', 'baskom'),
(2, 'store_name', 'BASKOM'),
(3, 'store_phone_number', '085-xxx-xxx'),
(4, 'store_email', 'admin-baskom@gmail.com'),
(5, 'store_tagline', 'Belanja Lapotp, PC dan Peralatan komputer 24 Jam'),
(6, 'store_logo', 'Logo.png'),
(7, 'max_product_image_size', '20000'),
(8, 'store_description', 'Belanjad Laptop, PC, Aksesoris dan Keperluan Komputer lainnya dengan murah, mudah dan cepat'),
(9, 'store_address', 'Jl. Bekasi'),
(10, 'min_shop_to_free_shipping_cost', '20000'),
(11, 'shipping_cost', '3000'),
(12, 'payment_banks', '{\"bank-jago-xx\":{\"bank\":\"BANK JAGO xx\",\"number\":\"123\",\"name\":\"PT. Baskom LTD\"},\"bank-jagoss\":{\"bank\":\"BANK JAGOss\",\"number\":\"xs\",\"name\":\"as\"},\"bank-jagossxx\":{\"bank\":\"BANK JAGOssxx\",\"number\":\"asd\",\"name\":\"Admin Baskom\"}}');

-- --------------------------------------------------------

--
-- Table structure for table `users`
--

CREATE TABLE `users` (
  `id` bigint(20) UNSIGNED NOT NULL,
  `name` varchar(50) COLLATE utf8mb4_unicode_ci DEFAULT NULL,
  `email` varchar(191) COLLATE utf8mb4_unicode_ci NOT NULL,
  `email_verified_at` timestamp NULL DEFAULT NULL,
  `username` varchar(16) COLLATE utf8mb4_unicode_ci NOT NULL,
  `password` varchar(191) COLLATE utf8mb4_unicode_ci NOT NULL,
  `profile_picture` varchar(128) COLLATE utf8mb4_unicode_ci DEFAULT NULL,
  `role` varchar(32) COLLATE utf8mb4_unicode_ci DEFAULT '0' COMMENT '1 = admin, 2 = customer',
  `register_date` datetime DEFAULT NULL
) ENGINE=InnoDB DEFAULT CHARSET=utf8mb4 COLLATE=utf8mb4_unicode_ci;

--
-- Dumping data for table `users`
--

INSERT INTO `users` (`id`, `name`, `email`, `email_verified_at`, `username`, `password`, `profile_picture`, `role`, `register_date`) VALUES
(1, 'Admin Baskom', 'admin-baskom@gmail.com', NULL, 'admin', '$2y$10$Brm3RNWFKvZ1e0ej1vBz9.QbFMW21q0l/iDSt5aDOoGj9zlLFuxh6', 'ezgif_com-gif-maker.jpg', 'admin', NULL);

--
-- Indexes for dumped tables
--

--
-- Indexes for table `ci_sessions`
--
ALTER TABLE `ci_sessions`
  ADD KEY `ci_sessions_timestamp` (`timestamp`);

--
-- Indexes for table `contacts`
--
ALTER TABLE `contacts`
  ADD PRIMARY KEY (`id`),
  ADD KEY `FK_contacts_contacts` (`parent_id`);

--
-- Indexes for table `coupons`
--
ALTER TABLE `coupons`
  ADD PRIMARY KEY (`id`);

--
-- Indexes for table `customers`
--
ALTER TABLE `customers`
  ADD PRIMARY KEY (`id`),
  ADD KEY `FK_customers_users` (`user_id`);

--
-- Indexes for table `orders`
--
ALTER TABLE `orders`
  ADD PRIMARY KEY (`id`),
  ADD KEY `FK_orders_users` (`user_id`),
  ADD KEY `FK_orders_coupons` (`coupon_id`);

--
-- Indexes for table `order_items`
--
ALTER TABLE `order_items`
  ADD PRIMARY KEY (`id`),
  ADD KEY `order_id` (`order_id`),
  ADD KEY `product_id` (`product_id`);

--
-- Indexes for table `payments`
--
ALTER TABLE `payments`
  ADD PRIMARY KEY (`id`),
  ADD KEY `order_id` (`order_id`);

--
-- Indexes for table `products`
--
ALTER TABLE `products`
  ADD PRIMARY KEY (`id`),
  ADD KEY `FK_products_product_category` (`category_id`);

--
-- Indexes for table `product_category`
--
ALTER TABLE `product_category`
  ADD PRIMARY KEY (`id`);

--
-- Indexes for table `reviews`
--
ALTER TABLE `reviews`
  ADD PRIMARY KEY (`id`),
  ADD KEY `FK_reviews_users` (`user_id`),
  ADD KEY `FK_reviews_orders` (`order_id`);

--
-- Indexes for table `settings`
--
ALTER TABLE `settings`
  ADD PRIMARY KEY (`id`) USING BTREE;

--
-- Indexes for table `users`
--
ALTER TABLE `users`
  ADD PRIMARY KEY (`id`) USING BTREE,
  ADD UNIQUE KEY `users_email_unique` (`email`) USING BTREE;

--
-- AUTO_INCREMENT for dumped tables
--

--
-- AUTO_INCREMENT for table `contacts`
--
ALTER TABLE `contacts`
  MODIFY `id` int(10) NOT NULL AUTO_INCREMENT, AUTO_INCREMENT=3;

--
-- AUTO_INCREMENT for table `coupons`
--
ALTER TABLE `coupons`
  MODIFY `id` bigint(20) NOT NULL AUTO_INCREMENT, AUTO_INCREMENT=6;

--
-- AUTO_INCREMENT for table `customers`
--
ALTER TABLE `customers`
  MODIFY `id` bigint(20) NOT NULL AUTO_INCREMENT, AUTO_INCREMENT=9;

--
-- AUTO_INCREMENT for table `orders`
--
ALTER TABLE `orders`
  MODIFY `id` bigint(20) NOT NULL AUTO_INCREMENT, AUTO_INCREMENT=12;

--
-- AUTO_INCREMENT for table `order_items`
--
ALTER TABLE `order_items`
  MODIFY `id` bigint(20) NOT NULL AUTO_INCREMENT, AUTO_INCREMENT=19;

--
-- AUTO_INCREMENT for table `payments`
--
ALTER TABLE `payments`
  MODIFY `id` bigint(20) NOT NULL AUTO_INCREMENT, AUTO_INCREMENT=7;

--
-- AUTO_INCREMENT for table `products`
--
ALTER TABLE `products`
  MODIFY `id` bigint(20) NOT NULL AUTO_INCREMENT, AUTO_INCREMENT=15;

--
-- AUTO_INCREMENT for table `product_category`
--
ALTER TABLE `product_category`
  MODIFY `id` int(10) NOT NULL AUTO_INCREMENT, AUTO_INCREMENT=9;

--
-- AUTO_INCREMENT for table `reviews`
--
ALTER TABLE `reviews`
  MODIFY `id` bigint(20) NOT NULL AUTO_INCREMENT, AUTO_INCREMENT=4;

--
-- AUTO_INCREMENT for table `settings`
--
ALTER TABLE `settings`
  MODIFY `id` int(10) NOT NULL AUTO_INCREMENT, AUTO_INCREMENT=13;

--
-- AUTO_INCREMENT for table `users`
--
ALTER TABLE `users`
  MODIFY `id` bigint(20) UNSIGNED NOT NULL AUTO_INCREMENT, AUTO_INCREMENT=10;

--
-- Constraints for dumped tables
--

--
-- Constraints for table `contacts`
--
ALTER TABLE `contacts`
  ADD CONSTRAINT `FK_contacts_contacts` FOREIGN KEY (`parent_id`) REFERENCES `contacts` (`id`) ON DELETE CASCADE ON UPDATE NO ACTION;

--
-- Constraints for table `customers`
--
ALTER TABLE `customers`
  ADD CONSTRAINT `FK_customers_users` FOREIGN KEY (`user_id`) REFERENCES `users` (`id`) ON DELETE NO ACTION ON UPDATE CASCADE;

--
-- Constraints for table `orders`
--
ALTER TABLE `orders`
  ADD CONSTRAINT `FK_orders_coupons` FOREIGN KEY (`coupon_id`) REFERENCES `coupons` (`id`) ON DELETE SET NULL ON UPDATE CASCADE,
  ADD CONSTRAINT `FK_orders_users` FOREIGN KEY (`user_id`) REFERENCES `users` (`id`) ON DELETE NO ACTION ON UPDATE CASCADE;

--
-- Constraints for table `order_items`
--
ALTER TABLE `order_items`
  ADD CONSTRAINT `order_items_ibfk_1` FOREIGN KEY (`order_id`) REFERENCES `orders` (`id`) ON DELETE CASCADE ON UPDATE NO ACTION,
  ADD CONSTRAINT `order_items_ibfk_2` FOREIGN KEY (`product_id`) REFERENCES `products` (`id`) ON DELETE CASCADE ON UPDATE NO ACTION;
COMMIT;

/*!40101 SET CHARACTER_SET_CLIENT=@OLD_CHARACTER_SET_CLIENT */;
/*!40101 SET CHARACTER_SET_RESULTS=@OLD_CHARACTER_SET_RESULTS */;
/*!40101 SET COLLATION_CONNECTION=@OLD_COLLATION_CONNECTION */;
